1,HjdL8NyUv3Eh
1,cakC4zqU6RDw
1,B6OSWeZMRqbp
1,I1AuFa4bwjvL
1,jywbgHfaWSoT
1,u4DG7dIa8vlq
1,RraZUtfycL43
1,CrpHqkPjZNad
1,Ob63IdVK1kjy
1,bxgBFV9SRLA4
1,ZfWHApOxXBVr
1,qhbfjEorT0Hm
1,mezZSGclnwdj
1,yS20egT8nhz9
1,oGtZ9y1MQSRx
1,Se6zFr4gcCjv
1,oQUg5WeX69qt
2,d2MZasitRkFV
3,agD5PhE4B7GT
4,BSkLCH1Pbt2O
5,6oIESfU4BupG
6,vCsqbPMn9Jim
7,Y1dS4ZGVuPNp
8,SCzo1EsdZDYB
9,be8IQjrkvOxZ
10,ejbxYqT28zBM
11,nCYj42a1xhwu
12,UGuwg9aN8YDE
13,WGKfRAzUTF2H
14,rouVqac5wMXe
15,JNUXB9z67sOM
16,YT6eqfBEAKnQ
17,fXK2mWHAduz9
18,Ys4Ko9V2M5IE
19,XchTGHxZBet9
20,rxGX31kteyzN
21,sp4kRCIBgOFd
22,5X1p6toiSJKM
23,jxNyJvFaCDV9
24,YyFW1xZApjE9
25,t4HBx7omRW6S
26,DMZer5aRv2ih
27,YTKE1yImAZuH
28,J1dTeKblkiCn
29,EtwzJbFTLY0h
30,0u35s4tl2oXT
31,xSf8H2F5n0Xc
32,eqsZhdu6Cnv0
33,cMo4uiQaBmRP
34,GkPLjRyqH49f
35,CjD9zsGVZ6f7
36,lGLwr29csIma
37,5Ezi7f6g9CDP
38,ZeY13HIWcMVA
39,fAzvQN2hqp9M
40,jAdaNFbgDk9o
41,GTsB6J2MpNxo
42,69OVMwLBY4ln
43,0uoTyrRYKwSA
44,ODzBRw7JYTSn
45,Z0rSgpPMLwoG
46,KhFJSgzcLZ0P
47,hA6IRqvzbxjJ
48,akdyO7ZEB8Vt
49,aDTl06AKV9EJ
50,VRLg4dhDHFAe
51,vDGi1IVzdZ6b
52,2WdJUBCofMTS
53,h8OpYy0jfIU6
54,49oTKbqPWg2j
55,nZ2qLkSWB9xd
56,7U6TmjwtnhI2
57,zfw3FXgkH5n4
58,L9BtPxX0pS1o
59,uhGZmM4AiX57
60,FwlXeU7yOGqa
61,M8Iv2gFbmRA7
62,4Gjd3AtSma0I
63,dbYaye3KQmlv
64,jYBcgbdHN0SI
65,FhgzBxcNdRkt
66,RFcVt9K6hCuM
67,6IFe83dlhmf5
68,6ZYq5TvmrFLy
69,MZdI0WgKC4t7
70,GgwFBC7xkVsb
71,cxZ20Gtlfhke
72,PSCKjtuqf7U6
73,4p6XBFlevaWL
74,KXLmUVoAgYQ3
75,fr4mCnivoQpk
76,UywY2AXlnZ8p
77,Mf56cLiu0zE2
78,o8Ud1QHAMi6F
79,JzlSbLa56X18
80,NIFaOx35UkAi
81,kbtKHPAFoafq
82,FCtdrjsOgRJ7
83,WNj8kyIg3rsz
84,T6qBYgPxbHOz
85,SjH1QanbNfiV
86,ud9p8wcLYCSE
87,GJ18qvE9L5ex
88,9wSWQ3XCsNLd
89,MAVP7wNLq6lY
90,MIsAVg7lXPHk
91,kPM4KzirHUwT
92,XD2taFCY3NRL
93,GyAQ27XClmcf
94,F9QkApeBJahq
95,NL5gXvhyadTR
96,nTq8V1byEsfY
97,46zs8dSjBn0Y
98,Mqig4GQxy0kw
99,rVPMfEOZslto
100,aQ7GkN5MhDvw
101,hgHrD1QjJkYB
102,bpmyCFaePtn4
103,1E90ChMHTr8Y
104,SMXPzkpK9ONd
105,JFo56AY3WcUy
106,JIein5ptvOY7
107,v8I0s6jRfHpX
108,OyvCkRJu9pQt
109,fQ7Hc5wNaYIX
110,gEGiBpT8odmu
111,ruUA4NIHO6PY
112,tAqLOCI45o07
113,KoqYHfG39m4X
114,fXY4pKF2PxwR
115,Fx95L4EzPro3
116,ndt1MzRpfNVY
117,83mzKObI5i4X
118,xHEjhM1fUqCJ
119,sUxindbGFqa9
120,yJkcVdpv3u2C
121,Z1yLO8Voc4fU
122,abPism59w028
123,gz4f0vYW6lTV
124,VmWKnzak7LJi
125,Y5hXF36RPs8T
126,ki5dsNHfSMq7
127,V54JqFCLBczW
128,lTrqoVDsEPZy
129,5JaR4EdvMh9Q
130,24lcD95krKQY
131,O6YvWu731iVd
132,nmJD5HNuGYcq
133,2Jt43rsGZjIM
134,MTzidfOFSnws
135,bMn0EzhtIAv4
136,SPzao7iB95QK
137,wyPCJtUxrMsD
138,Fhfcbi5lo2pk
139,HtLpxGqelrm5
140,PC7iNaInlWrQ
141,7lNhbSgHc80q
142,Lk9q6orGp3mC
143,iOdV5Q8H73wS
144,5Dhtk1Jm9Ny7
145,w4XpivlR8tVI
146,T3I0rMCydxnB
147,wkiRlXBWseO7
148,A39lap8CnFDq
149,Y3NwkvzWcnaS
150,t7gbSKZz6NLe
151,SjaXHdDkN4Vi
152,QkBKF2xuEaOY
153,UJniRWmoerYH
154,xrs2Ue5VRPjX
155,SzmfdJ0HIhix
156,pUnayIZbhmwf
157,q0UKMy7RVTvp
158,sxOpSjbLoKh1
159,2keIFdYVGfUq
160,JTkWiIyMQ41s
161,MsLjX3P4IqGm
162,6YZm2wuGMPTX
163,3ypgZOzuJWcU
164,EL6wCoBPRnOY
165,C2hyW7eLwFzS
166,umawW7k4X2yz
167,pBZxrW0aUVNE
168,4uw9SAkDLWK2
169,5QIEeZXwn9ih
170,On67Sl8k1oym
171,j5YNEv2br1QM
172,Ws3zFNQI9d2h
173,XEoj5w92z4s1
174,S3AlxKb9M4wQ
175,zXu706SvoIp4
176,rBGKT4bRW6n0
177,Ipu9y7Y2GnUM
178,KcHbXlYdDAou
179,wfkYnzPIdxi1
180,WvcIF0G6wOCQ
181,uSPUqEJVY89z
182,pIexrb0PdyUv
183,Dw4VCp6Y2eTc
184,gKNtMRyToDJc
185,2NY5h8PzaO1j
186,nISyL6blo2BN
187,c41tYLICvWws
188,83aPwu0FLxm4
189,jtZFbh3nuPq5
190,O5ykJQXGZwAS
191,5ZygqlGY8Asp
192,PSvMTFhJ5V4L
193,9AX4UfOjtNvi
194,tu4ymzeiwD5Z
195,os2ZfUuGBKWD
196,aS4oevi3HGlr
197,q5oJdlgYWP1c
198,Oudbh4j8zBP1
199,y7LKF1WUYekS
1,P3kzRGLKfquV
2,25YRDtskLmxb
3,s4P68lAV1j0m
4,45VOBA0sfiLy
5,p67bRoGKqVCI
6,kRoGsiuf5Yhv
7,Zd5Iz9NgxYA8
8,ZytElaAbG6HR
9,kwOir6IxWDUH
10,C3E9HuyLBlzN
11,xSIGydT51NLf
12,nxdtQAMWI8T0
13,zEZTwJs5Dp8O
14,U9pFVchgutDy
15,4u1HVxTsiaIm
16,oIK9z8mrM4ds
17,CvUoiucqRlFB
18,xFHRBfjMVsDT
19,PbU4NZgLwflB
20,4lW5w3XKHpIF
21,8jEZgJtANBQ6
22,rfQWtGNKgw3v
23,QSuPpRmGOfXN
24,TOeH0gZqPh2c
25,ltWB6AN5nf0U
26,dVliukrWN7A6
27,fr6o9keSO3nu
28,2HpLT4bsGtdF
29,YHQ8Lo9F54zx
30,TkoWmOMcy7uh
31,0SvOIJklEZ69
32,193ifwvqrIGm
33,Wls7pbG8QK1O
34,T3q8ePFbkX9N
35,UGufvqpQgj1W
36,MofZ9Ba8TeF2
37,0e1w3rRSXfQ2
38,b3urQSfCAHt0
39,nkEjZKOSt9vd
40,ZYEAe5ncPrpy
41,C1Y7ZyEiV9uU
42,la7JxbeIPTup
43,r1IeVfJzH30U
44,5fd2b04nMKJQ
45,pat0VeCS4JFc
46,IfXRi4pJxM9A
47,jE4F5WxyXweY
48,KvkaMNCRsxOA
49,K1bYCgEZADfr
50,3IUxYkDOuH4w
51,3ztZGwfTEmYk
52,FBA4dRpL8Pcw
53,L3yuUhAMav81
54,oH5I6uTD10lw
55,7W0rKshP9vVx
56,jwfS7KouYmal
57,Jl7I2ntxFBYf
58,1zn4FcbmDpr7
59,yoO53pqW2Ada
60,oDFpmMnNsa2E
61,daPWJngqTomI
62,c0BsWD6rQJxi
63,OfI1MFqcPeh6
64,xKFQ3wEoO1bj
65,wYeNiOjta9vT
66,EvszmA5FWw4p
67,W3gKneEqTFdm
68,4liadPfr8SRz
69,LVMElF5XaqDy
70,0Z1LM8sgzDUw
71,qUCAmd2MZy6h
72,6Y3lNC8jdIX0
73,u3VA7xrth9Jn
74,AulY9nstiJTK
75,bdq6CmuXYt09
76,8bWFEreRzc1v
77,ynuwV3fLa25Y
78,5GUN6RbDvq34
79,Ghq2ZEyDK1L9
80,kW8RPruBvh7M
81,mQgxvpRV73EA
82,rI47XndTiym0
83,KGAiR0Juc5I3
84,TuSdFZ4bvDiO
85,UC50JdHw2ekW
86,1FmCw64LpjR2
87,QSmRT5tULnMC
88,JLgmquFWaAp9
89,vprlB86ZdUaL
90,5GWchaYu7Fjl
91,JOuR6ni2FTpw
92,qpZkvuWC3KQx
93,e23mPdbjXCvQ
94,JVDXjuMP32hE
95,pyKClcWvMdjV
96,ICLPa5Vom3zB
97,Oj632qn9KapM
98,9k1zflMoYROX
99,sOdTH83N9gDn
100,NWc83g7IpLvy
101,Sm6ZD10y2U4r
102,emvSwnUB2Y9j
103,8DYudGXb2K13
104,HJNKWXBkELDC
105,EBVq7hLaJmoU
106,DRY0ZBnSc6uI
107,mKFcpw7JhNDu
108,uzNKAS6DakZB
109,lABvYGNnxuVX
110,0bsyNj8EgoWL
111,ChExO3dgykqG
112,niWgMhljQ1Ip
113,Rc8Xq4pS6Tzu
114,HvVwWA0UhI5B
115,vW0weZPirXnJ
116,AoCtFmbwdYrc
117,rNOlQviZdWDj
118,gpJIbX5TtQjr
119,UXcbI3RsZCmy
120,f20RsyNhxpcq
121,oZ0Gq3x4LKCb
122,z30dGTB54ERh
123,7eSmXBkibJvz
124,grdIcM4Lakb0
125,OEg8pYTVBaNc
126,53epA8tucPBU
127,C253RXmykNOM
128,9Q12WDfTbcoX
129,nZRkOcG4jF53
130,y9PSK0EU7Xwu
131,TBuxaA7jyHJi
132,8hTNOfVR0cb4
133,a9b5uOKrmh6I
134,4zeTFUwcqQGE
135,5ZpTQ8YeM3Iy
136,g8zGB1SwsI9W
137,2zVDQhLlo8tW
138,5ZcsjAlJFw1I
139,Wr15vHxMGSFY
140,W58nBPYC6lrk
141,nlEv29zZyFpA
142,1BNvwPoyeqXY
143,1gkUC5Q3OElZ
144,Y81bIzN5EU39
145,m0B8Zl4uKet6
146,VhoE68z9n30X
147,ra4WyMm9tBKk
148,zCK9uYjiTy82
149,k8zIM0Y9tsxq
150,BjMZySiTVJLt
151,9e3RZ0JpKvPF
152,nvWb8XVdAlFY
153,5BeTEyn8cqmN
154,ZisTzbKvNYVo
155,G385sfcKIarS
156,A9f7vogT51w0
157,ZVKYcCPW4BHy
158,a6vxTiE72FX8
159,kD7QnwGAVpOW
160,yK6uJzeMDboB
161,MDCwFrLql3eZ
162,koK9lIqpvVTE
163,1PaqcArdD0OZ
164,h4yadS8mJTNr
165,Fw1ShaZu9Ci7
166,Hq3F2cE0aiCj
167,i7kX9HSve3o5
168,UFkhQ21pHgv0
169,ceBhoRxK7q6Q
170,2LqNPFSa4p8w
171,uKIjFzxphfU2
172,Cj4AtEpIerNV
173,BjqfOrZXnNCH
174,vYHcSRV3FWxq
175,pyFHaNrTVJCB
176,MOQl0C4L5q8o
177,SWQRya7LA1T0
178,XTUSRrEsMh4L
179,maRkuXhKoTdg
180,p9shIWolPvj5
181,6o1QFNgbJ0Mz
182,x8CzRvfYQweb
183,F59DSOEnJyRu
184,E4e7bRI2U8yw
185,F3jTsXScgeZ5
186,dtufIGYcmibh
187,2NjxvGSX5gnC
188,xk59QgPIU1qa
189,QGYHwBL82FKs
190,WFohilserMdg
191,Q07Dwi9u3vUZ
192,AMvzwIjbNU4W
193,RjH7XJI6oUrc
194,nTWVM530i1oK
195,qJvH4aKX1Otz
196,lsowiQyY4e98
197,xLUJ3TjrdYcp
198,Qw5dsiJXgDcI
199,WnDKqEbdY3hT
